id,firstname,lastname,email,email2,profession
100,Chrystel,Giff,Chrystel.Giff@yopmail.com,Chrystel.Giff@gmail.com,developers
101,Cassondra,Tremayne,Cassondra.Tremayne@yopmail.com,Cassondra.Tremayne@gmail.com,doctor
102,Carol-Jean,Alabaster,Carol-Jean.Alabaster@yopmail.com,Carol-Jean.Alabaster@gmail.com,police officer
103,Kassey,Edee,Kassey.Edee@yopmail.com,Kassey.Edee@gmail.com,firefighter
104,Vivia,Heisel,Vivia.Heisel@yopmail.com,Vivia.Heisel@gmail.com,firefighter
105,Tonia,Michella,Tonia.Michella@yopmail.com,Tonia.Michella@gmail.com,doctor
106,Norine,Gerge,Norine.Gerge@yopmail.com,Norine.Gerge@gmail.com,firefighter
107,Susette,Melony,Susette.Melony@yopmail.com,Susette.Melony@gmail.com,developer
108,Roz,Cohdwell,Roz.Cohdwell@yopmail.com,Roz.Cohdwell@gmail.com,worker
109,Sadie,Huggins,Sadie.Huggins@yopmail.com,Sadie.Huggins@gmail.com,firefighter
